projectId	login
8514	5minpause
8514	abonec
8514	adomokos
8514	agis-
8514	agrobbin
8514	ai
8514	al2o3cr
8514	alietz
8514	amatsuda
8514	amccloud
8514	andreas
8514	andreis13
8514	andrew
8514	andreynering
8514	andriytyurnikov
8514	andyatkinson
8514	aripollak
8514	arktisklada
8514	arthurnn
8514	arunagw
8514	asanghi
8514	atombender
8514	avit
8514	avocade
8514	backspace
8514	baylorrae
8514	bcardarella
8514	bdewater
8514	bdmac
8514	bemurphy
8514	benedikt
8514	benmorganio
8514	benmoss
8514	benpickles
8514	bfolkens
8514	biow0lf
8514	bjhess
8514	blakemesdag
8514	bloudermilk
8514	bobbytables
8514	bouk
8514	bquorning
8514	braddunbar
8514	bradly
8514	brandonhilkert
8514	brandonweiss
8514	bratish
8514	brocktimus
8514	bronson
8514	bronzle
8514	brynary
8514	bschwartz
8514	bughit
8514	byroot
8514	caike
8514	cannikin
8514	carllerche
8514	carlosantoniodasilva
8514	cbeer
8514	ccutrer
8514	cespare
8514	cgriego
8514	cgunther
8514	chadwtaylor
8514	chancancode
8514	charliesome
8514	chashmeetsingh
8514	chetan
8514	chewi
8514	chibicode
8514	chocoby
8514	chriseppstein
8514	chrisnicola
8514	chuyeow
8514	cibernox
8514	claudiob
8514	clemens
8514	cmalpeli
8514	codeodor
8514	connorshea
8514	coop
8514	d1plo1d
8514	daniel-rikowski
8514	danolson
8514	dazuma
8514	dcrec1
8514	deivid-rodriguez
8514	denispeplin
8514	derekprior
8514	dgm
8514	dgraham
8514	dhh
8514	diego-silva
8514	diminish7
8514	dimko
8514	divineforest
8514	djoume
8514	dlee
8514	dmathieu
8514	dmonopoly
8514	doabit
8514	dogweather
8514	dolzenko
8514	domcleal
8514	dosire
8514	dreyks
8514	drogus
8514	dsandstrom
8514	dskang
8514	dtrasbo
8514	duffyjp
8514	dv
8514	dvg
8514	dylanahsmith
8514	eagletmt
8514	ebeigarts
8514	edbond
8514	edgarjs
8514	edouard-chin
8514	egilburg
8514	eileencodes
8514	elia
8514	eric-guo
8514	ernie
8514	erol
8514	evanfarrar
8514	exviva
8514	fabiokr
8514	fcheung
8514	felixbuenemann
8514	ffmike
8514	firedev
8514	fivell
8514	fjan
8514	fny
8514	franckverrot
8514	francocatena
8514	fredwu
8514	frodsan
8514	fudoshiki
8514	fxn
8514	garysweaver
8514	gdeest
8514	genreil
8514	geoffgarside
8514	georgeclaghorn
8514	gilesbowkett
8514	glaucocustodio
8514	gmile
8514	gramos
8514	grk
8514	grosser
8514	grzesf
8514	gsamokovarov
8514	gtd
8514	gui
8514	guigs
8514	guilherme
8514	guilleiguaran
8514	herminiotorres
8514	homakov
8514	hone
8514	htp
8514	hugopeixoto
8514	iainbeeston
8514	iamricky
8514	iantropov
8514	ifyouseewendy
8514	igel
8514	imkmf
8514	indirect
8514	inossidabile
8514	ixti
8514	jackdempsey
8514	jacquescrocker
8514	jaggederest
8514	jaimeiniesta
8514	jakimowicz
8514	jamesarosen
8514	jamis
8514	jangosteve
8514	janko-m
8514	jaredbeck
8514	javan
8514	jbodah
8514	jcoyne
8514	jduff
8514	jejacks0n
8514	jeremy
8514	jeroenvisser101
8514	jfirebaugh
8514	jimherz
8514	jiripospisil
8514	jmbejar
8514	jmccartie
8514	jmcnevin
8514	jmileham
8514	joaomilho
8514	johnmcdowall
8514	johnnyshields
8514	joliss
8514	jonatack
8514	jonleighton
8514	jonnii
8514	josedonizetti
8514	josemotanet
8514	josepjaume
8514	josevalim
8514	josh
8514	josh-m-sharpe
8514	joshk
8514	joshsusser
8514	jpcody
8514	jreidinger
8514	jrgifford
8514	jsanders
8514	jstorimer
8514	juanitofatas
8514	junaruga
8514	jvanbaarsen
8514	k0kubun
8514	ka8725
8514	kaichen
8514	kamipo
8514	kant
8514	kares
8514	karunakar
8514	kaspth
8514	kbrock
8514	keepcosmos
8514	kenmazaika
8514	kenn
8514	kennyj
8514	kentaro
8514	kevmoo
8514	kgautreaux
8514	killthekitten
8514	kirs
8514	kitop
8514	kmcphillips
8514	krekoten
8514	ktaragorn
8514	lardawge
8514	larrylv
8514	laserlemon
8514	lautis
8514	leereilly
8514	lest
8514	libc
8514	lifo
8514	liseki
8514	lsylvester
8514	lucasmazza
8514	luishurtado
8514	lukaszx0
8514	lukefx
8514	lunks
8514	maclover7
8514	maia
8514	maletor
8514	malyk
8514	manuelmeurer
8514	marcandre
8514	marcelocajueiro
8514	marcgg
8514	mariusbutuc
8514	markmcspadden
8514	martinrehfeld
8514	masarakki
8514	mastahyeti
8514	masterkain
8514	mat813
8514	matiaskorhonen
8514	mattbrictson
8514	matthewd
8514	matthewrudy
8514	mdespuits
8514	methodmissing
8514	michaelklishin
8514	mikel
8514	mikz
8514	miloops
8514	mislav
8514	mitio
8514	miyagawa
8514	mlangenberg
8514	modosc
8514	moorage
8514	morgoth
8514	mperham
8514	mvastola
8514	mwhuss
8514	mxhold
8514	myronmarston
8514	narkoz
8514	nashby
8514	nateberkopec
8514	ndbroadbent
8514	nettofarah
8514	nex3
8514	nfm
8514	nickveys
8514	nitrodist
8514	nitsujri
8514	noniq
8514	norman
8514	nragaz
8514	nullobject
8514	nusco
8514	nwjsmith
8514	nzkoz
8514	obrie
8514	octember
8514	oem
8514	oggy
8514	ojab
8514	olivierlacan
8514	olliwer
8514	ollym
8514	pablox-cl
8514	packagethief
8514	pacoguzman
8514	parndt
8514	patrickdavey
8514	paul
8514	pavelpenkov
8514	petebrowne
8514	petedmarsh
8514	pftg
8514	pixeltrix
8514	plentz
8514	pomnikita
8514	poporul
8514	prathamesh-sonpatki
8514	printercu
8514	purcell
8514	pwim
8514	pwnall
8514	r6p
8514	radar
8514	rafaelfranca
8514	raggi
8514	rahul100885
8514	ralinc
8514	ramontayag
8514	raysrashmi
8514	repinel
8514	revans
8514	rgarver
8514	rmm5t
8514	rnicholson
8514	robertomiranda
8514	robin850
8514	rosenfeld
8514	rrmartins
8514	rsim
8514	rtlechow
8514	rubymerchant
8514	rubys
8514	runephilosof
8514	rwz
8514	ryandao
8514	rymai
8514	rzane
8514	sachin87
8514	samsaffron
8514	samuelkadolph
8514	sandeepr-sourcebits
8514	sblackstone
8514	schneems
8514	sebasoga
8514	senny
8514	sergey-alekseev
8514	seuros
8514	sevaorlov
8514	sfaxon
8514	sferik
8514	sgrif
8514	sikachu
8514	simonc
8514	sirwolfgang
8514	slbug
8514	smartinez87
8514	sobrinho
8514	sonalkr132
8514	sonnym
8514	spastorino
8514	spectator
8514	splattael
8514	spohlenz
8514	sporkmonger
8514	spraints
8514	squadette
8514	squeegy
8514	sstephenson
8514	stefanpenner
8514	steveklabnik
8514	stevenh512
8514	stiff
8514	strech
8514	strzibny
8514	sue445
8514	sukeerthiadiga
8514	sunaku
8514	supercaracal
8514	svoop
8514	sweed
8514	szymon-przybyl
8514	takiy33
8514	takkanm
8514	tamird
8514	tarmo
8514	taryneast
8514	technoweenie
8514	teeparham
8514	tenderlove
8514	tgxworld
8514	the-teacher
8514	thedarkone
8514	thegcat
8514	thelucid
8514	thewatts
8514	thewoolleyman
8514	thiagopradi
8514	thomasfedb
8514	tiegz
8514	tilsammans
8514	timpetricola
8514	timraymond
8514	tnp
8514	tomafro
8514	tonywok
8514	tpope
8514	trevorturk
8514	tricknotes
8514	trotter
8514	tuzz
8514	twalpole
8514	tycooon
8514	udaykadaboina
8514	vanuan
8514	vatrai
8514	vijaydev
8514	vincentwoo
8514	vipulnsward
8514	volmer
8514	voxik
8514	wagenet
8514	wallclockbuilder
8514	wangjohn
8514	waynn
8514	wazery
8514	weppos
8514	westonplatter
8514	wildchild
8514	willbryant
8514	willnet
8514	wincent
8514	wycats
8514	xanview
8514	xijo
8514	xuanxu
8514	xymbol
8514	y-yagi
8514	yahonda
8514	yasuoza
8514	yui-knk
8514	zapnap
8514	zenspider
8514	zhouguangming
8514	zohlgren
8514	zzak
460078	acostaf
460078	adamdbradley
460078	adamdecaf
460078	ademuri
460078	adepatie
460078	aedenj
460078	ahmednuaman
460078	ajoslin
460078	akhlesh
460078	alex-chuev
460078	alfonso-presa
460078	alirezamirian
460078	amfarrell
460078	aortyl
460078	aresn
460078	bcaudan
460078	bcherny
460078	bclinkinbeard
460078	bijanbwb
460078	bitliner
460078	bourey
460078	bradlygreen
460078	brandom
460078	brianfeister
460078	btelles
460078	btford
460078	bubersson
460078	burgov
460078	c0bra
460078	caitp
460078	calebeaires
460078	calidion
460078	campersau
460078	cburgdorf
460078	chalin
460078	chirayuk
460078	codier
460078	colinkahn
460078	cranesandcaff
460078	danbergman
460078	danielzen
460078	davemo
460078	davidlmiller21
460078	davidreher
460078	davidsouther
460078	dbwhddn10
460078	demisx
460078	djindjic
460078	dmaslov
460078	dmitriz
460078	dmitrybelyakov
460078	doshprompt
460078	dozingcat
460078	dudesweet100
460078	e-oz
460078	eddiemonge
460078	elgalu
460078	elnur
460078	evoluteur
460078	fixe
460078	flowersinthesand
460078	forresst
460078	fuzzysockets
460078	gaborcs
460078	gdi2290
460078	georgebatalinski
460078	gkalpak
460078	grigorius
460078	groner
460078	hahla
460078	hannahhoward
460078	hppycoder
460078	igorminar
460078	ilanbiala
460078	isaaclyman
460078	isyun
460078	jbdeboer
460078	jeffbcross
460078	jelbourn
460078	jerryorta-dev
460078	jesselpalmer
460078	jgrund
460078	jnizet
460078	johnlindquist
460078	joshkurz
460078	juliemr
460078	kentcdodds
460078	kevinwestern
460078	keyo321
460078	kseamon
460078	kwypchlo
460078	langdonx
460078	lazaruslarue
460078	lgalfaso
460078	linclark
460078	madskonradsen
460078	maksimr
460078	marabyte
460078	marcenuc
460078	marcin-wosinek
460078	marcysutton
460078	matsko
460078	matthewjh
460078	matthiasg
460078	mboudreau
460078	mgcrea
460078	mgilson
460078	mgol
460078	mhansen
460078	mhevery
460078	mohsen1
460078	mprobst
460078	mxab
460078	naomiblack
460078	narretz
460078	nathasm
460078	nervgh
460078	nestorneto
460078	ngdashboard
460078	no-more
460078	nohomey
460078	nosthertus
460078	nschloe
460078	ocombe
460078	oliversalzburg
460078	pascalprecht
460078	pavankumarkatakam
460078	pborreli
460078	petebacondarwin
460078	philippd
460078	pkozlowski-opensource
460078	pocesar
460078	pra85
460078	provegard
460078	pulkitnandan
460078	renatus
460078	revolunet
460078	rexota
460078	rgolea
460078	robinboehm
460078	ruben1
460078	runk
460078	samudurand
460078	sanderelias
460078	sdornan
460078	sercaneraslan
460078	sgronblo
460078	shairez
460078	shyamseshadri
460078	shyndman
460078	siyfion
460078	skwakman
460078	smashercosmo
460078	smhc
460078	softweave
460078	stefan--
460078	stevemao
460078	stickel
460078	tbosch
460078	tebriel
460078	teremok
460078	thenickcox
460078	thomasburleson
460078	thorn0
460078	timkendrick
460078	timruffles
460078	toilal
460078	ukyo
460078	vdclouis
460078	vikramsoni2
460078	vinkaga
460078	vko-online
460078	vlajos
460078	vojtajina
460078	webmaxru
460078	websiddu
460078	wesalvaro
460078	wlingke
460078	xinshouke
460078	yaycmyk
460078	yonatankra
460078	yvesleborg
460078	zbjornson
460078	zuzusik
